<?xml version="1.0" encoding="UTF-8" standalone="no"?>
<!DOCTYPE properties SYSTEM "http://java.sun.com/dtd/properties.dtd">
<properties>
<entry key="profiler.settings.instrument.empty.methods">true</entry>
<entry key="ProfilerCPUSettings_profile_runnables">true</entry>
<entry key="profiler.settings.n.profiled.threads.limit">32</entry>
<entry key="ProfilerCPUSettings_filter_type">2</entry>
<entry key="profiler.settings.obj.alloc.stack.sampling.depth">-1</entry>
<entry key="profiler.settings.instrument.method.invoke">true</entry>
<entry key="profiler.settings.instr.scheme">1</entry>
<entry key="ProfilerMemorySettings_track_every">10</entry>
<entry key="ProfilerMemorySettings_mode">4</entry>
<entry key="ProfilerCPUSettings_root_classes">soft3d.**
view.**
war3mdl.loader.**
xfile.loader.**
zother.**
</entry>
<entry key="ProfilerCPUSettings_filter_value">soft3d.*,&#13;
view.*,&#13;
war3mdl.loader.*,&#13;
xfile.loader.*,&#13;
zother.*</entry>
<entry key="profiler.settings.istrument.getter.setter.methods">true</entry>
<entry key="myeclipse.profiling.mode">0</entry>
<entry key="ProfilerMemorySettings_stacktraces">-1</entry>
<entry key="profiler.settings.sampling.interval">10</entry>
<entry key="profiler.settings.cpu.profiling.type">0</entry>
</properties>
